#[CoordinateSystem: ImageJ (Top-Left Origin, Y-down), Raw Pre-Image Space]
Date,SampleID,PositionID,FieldFileName,DefectType,Shape,X_px,Y_px,W_px,H_px,Radius_px,IsPre,IsPost,Confidence,AnnotatedBeforeAnalysis
260824,0,1,0-1-0.tif,Stain,circle,0,0,,,40,TRUE,TRUE,suspected,TRUE
260824,0,4,0-4-0.tif,StainDust,circle,0,0,,,40,TRUE,TRUE,clear,TRUE
260824,0,5,0-5-0.tif,Dust,circle,0,0,,,16,TRUE,TRUE,clear,TRUE
260824,0,6,0-6-0.tif,Dust,circle,0,0,,,16,TRUE,TRUE,clear,TRUE
260824,0,8,0-8-0.tif,Dust_Huge,circle,0,0,,,16,TRUE,TRUE,clear,TRUE
260824,3,4,3-4-0.tif,Dust,circle,0,0,,,16,TRUE,TRUE,clear,TRUE
260824,3,6,3-6-0.tif,Stain_Large,circle,0,0,,,40,TRUE,TRUE,clear,TRUE
260824,3,7,3-7-0.tif,Stain,circle,0,0,,,40,TRUE,TRUE,clear,TRUE
260824,3,8,3-8-0.tif,Stain,circle,0,0,,,40,TRUE,TRUE,clear,TRUE
260824,4,1,4-1-0.tif,Stain,circle,0,0,,,40,TRUE,TRUE,clear,TRUE
260824,4,2,4-2-0.tif,Dust,circle,0,0,,,16,TRUE,TRUE,clear,TRUE
260824,4,5,4-5-0.tif,Dust,circle,0,0,,,16,TRUE,TRUE,clear,TRUE
260824,4,6,4-6-0.tif,Stain,circle,0,0,,,40,TRUE,TRUE,clear,TRUE
260824,8,1,8-1-0.tif,StainDust,circle,0,0,,,40,TRUE,TRUE,clear,TRUE
260824,8,5,8-5-0.tif,Stain,circle,0,0,,,40,TRUE,TRUE,clear,TRUE
260824,8,7,8-7-0.tif,Dust,circle,0,0,,,16,TRUE,TRUE,clear,TRUE
260824,8,8,8-8-0.tif,StainDust,circle,0,0,,,40,TRUE,TRUE,clear,TRUE
260824,10,2,10-2-0.tif,StainDust,circle,0,0,,,40,TRUE,TRUE,clear,TRUE
260824,10,4,10-4-0.tif,Dust,circle,0,0,,,16,TRUE,TRUE,clear,TRUE
260824,10,6,10-6-0.tif,Stain,circle,0,0,,,40,TRUE,TRUE,clear,TRUE
260824,10,8,10-8-0.tif,StainDust,circle,0,0,,,40,TRUE,TRUE,clear,TRUE
260824,11,1,11-1-0.tif,Dust,circle,0,0,,,16,TRUE,TRUE,clear,TRUE
260824,11,2,11-2-0.tif,Dust,circle,0,0,,,16,TRUE,TRUE,clear,TRUE
260824,11,3,11-3-0.tif,Stain,circle,0,0,,,40,TRUE,TRUE,clear,TRUE
260824,11,4,11-4-0.tif,Scratch,circle,0,0,,,40,TRUE,TRUE,clear,TRUE
260824,12,8,12-8-0.tif,Stain,circle,0,0,,,40,TRUE,TRUE,clear,TRUE
260824,13,4,13-4-0.tif,Dust,circle,0,0,,,16,TRUE,TRUE,clear,TRUE
260824,14,1,14-1-0.tif,Stain,circle,0,0,,,40,TRUE,TRUE,clear,TRUE
260824,14,6,14-6-0.tif,Stain,circle,0,0,,,40,TRUE,TRUE,clear,TRUE
260825,0,7,0-7-0.tif,Stain,circle,0,0,,,40,TRUE,TRUE,clear,TRUE
260825,4,1,4-1-0.tif,Dust,circle,0,0,,,16,TRUE,TRUE,clear,TRUE
260825,4,2,4-2-0.tif,Stain_Huge,circle,0,0,,,40,TRUE,TRUE,clear,TRUE
260825,4,4,4-4-0.tif,Stain_Large,circle,0,0,,,40,TRUE,TRUE,clear,TRUE
260825,4,7,4-7-0.tif,Dust,circle,0,0,,,16,TRUE,TRUE,clear,TRUE
260825,5,1,5-1-0.tif,Scratch_Vert,circle,0,0,,,40,TRUE,TRUE,clear,TRUE
260825,5,4,5-4-0.tif,Stain_BL,circle,0,0,,,40,TRUE,TRUE,clear,TRUE
260825,5,8,5-8-0.tif,Scratch,circle,0,0,,,40,TRUE,TRUE,clear,TRUE
260825,6,3,6-3-0.tif,Dust,circle,0,0,,,16,TRUE,TRUE,clear,TRUE
260825,6,8,6-8-0.tif,Stain_Soak,circle,0,0,,,40,TRUE,TRUE,clear,TRUE
260825,7,8,7-8-0.tif,Stain_Huge_Exclude,circle,0,0,,,40,TRUE,TRUE,clear,TRUE
260825,8,3,8-3-0.tif,Dust,circle,0,0,,,16,TRUE,TRUE,clear,TRUE
260825,8,6,8-6-0.tif,Dust_Scatter,circle,0,0,,,16,TRUE,TRUE,clear,TRUE
260825,8,7,8-7-0.tif,Dust_Scatter,circle,0,0,,,16,TRUE,TRUE,clear,TRUE
260825,9,1,9-1-0.tif,Dust,circle,0,0,,,16,TRUE,TRUE,clear,TRUE
260825,9,6,9-6-0.tif,Dust_Large,circle,0,0,,,16,TRUE,TRUE,clear,TRUE
260825,9,8,9-8-0.tif,Dust,circle,0,0,,,16,TRUE,TRUE,clear,TRUE
260826,1,2,1-2-0.tif,Dust_Stain,circle,0,0,,,40,TRUE,TRUE,clear,TRUE
260826,4,1,4-1-0.tif,Dust,circle,0,0,,,16,TRUE,TRUE,clear,TRUE
260826,4,2,4-2-0.tif,Dust,circle,0,0,,,16,TRUE,TRUE,clear,TRUE
260826,4,3,4-3-0.tif,Dust,circle,0,0,,,16,TRUE,TRUE,clear,TRUE
260826,4,4,4-4-0.tif,Dust,circle,0,0,,,16,TRUE,TRUE,clear,TRUE
260826,4,5,4-5-0.tif,Stain,circle,0,0,,,40,TRUE,TRUE,clear,TRUE
260826,4,6,4-6-0.tif,Stain,circle,0,0,,,40,TRUE,TRUE,clear,TRUE
260826,5,5,5-5-0.tif,Stain,circle,0,0,,,40,TRUE,TRUE,clear,TRUE
260826,5,6,5-6-0.tif,Dust_Scratch,circle,0,0,,,16,TRUE,TRUE,clear,TRUE
260826,5,7,5-7-0.tif,Dust,circle,0,0,,,16,TRUE,TRUE,clear,TRUE
260826,6,1,6-1-0.tif,Dust,circle,0,0,,,16,TRUE,TRUE,clear,TRUE
260826,6,2,6-2-0.tif,Dust,circle,0,0,,,16,TRUE,TRUE,clear,TRUE
260826,6,3,6-3-0.tif,Dust,circle,0,0,,,16,TRUE,TRUE,clear,TRUE
260826,6,4,6-4-0.tif,Dust,circle,0,0,,,16,TRUE,TRUE,clear,TRUE
260826,6,5,6-5-0.tif,Dust,circle,0,0,,,16,TRUE,TRUE,clear,TRUE
260826,6,6,6-6-0.tif,Dust,circle,0,0,,,16,TRUE,TRUE,clear,TRUE
260826,6,7,6-7-0.tif,Stain,circle,0,0,,,40,TRUE,TRUE,clear,TRUE
260826,6,8,6-8-0.tif,Dust,circle,0,0,,,16,TRUE,TRUE,clear,TRUE
260826,7,3,7-3-0.tif,Dust,circle,0,0,,,16,TRUE,TRUE,clear,TRUE
260826,7,7,7-7-0.tif,Structural_Defect,circle,0,0,,,40,TRUE,TRUE,clear,TRUE
260826,8,1,8-1-0.tif,Dust,circle,0,0,,,16,TRUE,TRUE,clear,TRUE
260826,9,1,9-1-0.tif,Dust,circle,0,0,,,16,TRUE,TRUE,clear,TRUE
260826,9,2,9-2-0.tif,Dust,circle,0,0,,,16,TRUE,TRUE,clear,TRUE
260826,9,3,9-3-0.tif,Dust,circle,0,0,,,16,TRUE,TRUE,clear,TRUE
260826,9,4,9-4-0.tif,Dust,circle,0,0,,,16,TRUE,TRUE,clear,TRUE
260826,9,5,9-5-0.tif,Dust,circle,0,0,,,16,TRUE,TRUE,clear,TRUE
260826,9,6,9-6-0.tif,Stain,circle,0,0,,,40,TRUE,TRUE,clear,TRUE
260826,9,8,9-8-0.tif,Dust_Stain,circle,0,0,,,40,TRUE,TRUE,clear,TRUE
260826,10,1,10-1-0.tif,Stain_Dust,circle,0,0,,,40,TRUE,TRUE,clear,TRUE
260826,10,3,10-3-0.tif,Stain,circle,0,0,,,40,TRUE,TRUE,clear,TRUE
260826,10,5,10-5-0.tif,Dust,circle,0,0,,,16,TRUE,TRUE,clear,TRUE
260826,10,7,10-7-0.tif,Dust,circle,0,0,,,16,TRUE,TRUE,clear,TRUE
260826,11,1,11-1-0.tif,Stain,circle,0,0,,,40,TRUE,TRUE,clear,TRUE
260826,11,3,11-3-0.tif,Dust,circle,0,0,,,16,TRUE,TRUE,clear,TRUE
260826,11,4,11-4-0.tif,Stain,circle,0,0,,,40,TRUE,TRUE,clear,TRUE
260826,11,6,11-6-0.tif,Stain,circle,0,0,,,40,TRUE,TRUE,clear,TRUE
260826,12,2,12-2-0.tif,Dust_Stain,circle,0,0,,,40,TRUE,TRUE,clear,TRUE
260826,12,3,12-3-0.tif,Dust,circle,0,0,,,16,TRUE,TRUE,clear,TRUE
260826,12,4,12-4-0.tif,Stain,circle,0,0,,,40,TRUE,TRUE,clear,TRUE
260826,12,5,12-5-0.tif,Stain,circle,0,0,,,40,TRUE,TRUE,clear,TRUE
260826,12,8,12-8-0.tif,Dust,circle,0,0,,,16,TRUE,TRUE,clear,TRUE
